<?xml version="1.0" encoding="utf-8" ?>
<Patch>

  <!-- Why is this redundant mod check here? Isn't this the mod this patch belongs to? -->
  <!-- Yes my dear friend, this is so users of the framework can quickly copy-paste this patch -->

  <Operation Class="PatchOperationFindMod">
    <mods>
      <li>[SYR] Trait Value</li>
    </mods>
    <match Class="PatchOperationSequence">
      <operations>
        <!-- Vanilla Singular Traits -->
        <li Class="PatchOperationAddModExtension">
          <xpath>*/TraitDef[defName = "Nudist"]</xpath>
          <value>
            <li Class="SyrTraitValue.TraitValueExtension">
              <traitValues>
                <li>-10</li>
              </traitValues>
            </li>
          </value>
        </li>
        <li Class="PatchOperationAddModExtension">
          <xpath>*/TraitDef[defName = "Bloodlust"]</xpath>
          <value>
            <li Class="SyrTraitValue.TraitValueExtension">
              <traitValues>
                <li>20</li>
              </traitValues>
            </li>
          </value>
        </li>
        <li Class="PatchOperationAddModExtension">
          <xpath>*/TraitDef[defName = "Kind"]</xpath>
          <value>
            <li Class="SyrTraitValue.TraitValueExtension">
              <traitValues>
                <li>20</li>
              </traitValues>
            </li>
          </value>
        </li>
        <li Class="PatchOperationAddModExtension">
          <xpath>*/TraitDef[defName = "Psychopath"]</xpath>
          <value>
            <li Class="SyrTraitValue.TraitValueExtension">
              <traitValues>
                <li>20</li>
              </traitValues>
            </li>
          </value>
        </li>
        <li Class="PatchOperationAddModExtension">
          <xpath>*/TraitDef[defName = "Cannibal"]</xpath>
          <value>
            <li Class="SyrTraitValue.TraitValueExtension">
              <traitValues>
                <li>20</li>
              </traitValues>
            </li>
          </value>
        </li>
        <li Class="PatchOperationAddModExtension">
          <xpath>*/TraitDef[defName = "Abrasive"]</xpath>
          <value>
            <li Class="SyrTraitValue.TraitValueExtension">
              <traitValues>
                <li>-30</li>
              </traitValues>
            </li>
          </value>
        </li>
        <li Class="PatchOperationAddModExtension">
          <xpath>*/TraitDef[defName = "TooSmart"]</xpath>
          <value>
            <li Class="SyrTraitValue.TraitValueExtension">
              <traitValues>
                <li>0</li>
              </traitValues>
            </li>
          </value>
        </li>
        <li Class="PatchOperationAddModExtension">
          <xpath>*/TraitDef[defName = "Brawler"]</xpath>
          <value>
            <li Class="SyrTraitValue.TraitValueExtension">
              <traitValues>
                <li>20</li>
              </traitValues>
            </li>
          </value>
        </li>
        <li Class="PatchOperationAddModExtension">
          <xpath>*/TraitDef[defName = "Masochist"]</xpath>
          <value>
            <li Class="SyrTraitValue.TraitValueExtension">
              <traitValues>
                <li>20</li>
              </traitValues>
            </li>
          </value>
        </li>
        <li Class="PatchOperationAddModExtension">
          <xpath>*/TraitDef[defName = "NightOwl"]</xpath>
          <value>
            <li Class="SyrTraitValue.TraitValueExtension">
              <traitValues>
                <li>0</li>
              </traitValues>
            </li>
          </value>
        </li>
        <li Class="PatchOperationAddModExtension">
          <xpath>*/TraitDef[defName = "Greedy"]</xpath>
          <value>
            <li Class="SyrTraitValue.TraitValueExtension">
              <traitValues>
                <li>-20</li>
              </traitValues>
            </li>
          </value>
        </li>
        <li Class="PatchOperationAddModExtension">
          <xpath>*/TraitDef[defName = "Jealous"]</xpath>
          <value>
            <li Class="SyrTraitValue.TraitValueExtension">
              <traitValues>
                <li>-10</li>
              </traitValues>
            </li>
          </value>
        </li>
        <li Class="PatchOperationAddModExtension">
          <xpath>*/TraitDef[defName = "Ascetic"]</xpath>
          <value>
            <li Class="SyrTraitValue.TraitValueExtension">
              <traitValues>
                <li>10</li>
              </traitValues>
            </li>
          </value>
        </li>
        <li Class="PatchOperationAddModExtension">
          <xpath>*/TraitDef[defName = "Gay"]</xpath>
          <value>
            <li Class="SyrTraitValue.TraitValueExtension">
              <traitValues>
                <li>-10</li>
              </traitValues>
            </li>
          </value>
        </li>
        <li Class="PatchOperationAddModExtension">
          <xpath>*/TraitDef[defName = "Bisexual"]</xpath>
          <value>
            <li Class="SyrTraitValue.TraitValueExtension">
              <traitValues>
                <li>0</li>
              </traitValues>
            </li>
          </value>
        </li>
        <li Class="PatchOperationAddModExtension">
          <xpath>*/TraitDef[defName = "Asexual"]</xpath>
          <value>
            <li Class="SyrTraitValue.TraitValueExtension">
              <traitValues>
                <li>-10</li>
              </traitValues>
            </li>
          </value>
        </li>
        <li Class="PatchOperationAddModExtension">
          <xpath>*/TraitDef[defName = "AnnoyingVoice"]</xpath>
          <value>
            <li Class="SyrTraitValue.TraitValueExtension">
              <traitValues>
                <li>-20</li>
              </traitValues>
            </li>
          </value>
        </li>
        <li Class="PatchOperationAddModExtension">
          <xpath>*/TraitDef[defName = "CreepyBreathing"]</xpath>
          <value>
            <li Class="SyrTraitValue.TraitValueExtension">
              <traitValues>
                <li>-20</li>
              </traitValues>
            </li>
          </value>
        </li>
        <li Class="PatchOperationAddModExtension">
          <xpath>*/TraitDef[defName = "Pyromaniac"]</xpath>
          <value>
            <li Class="SyrTraitValue.TraitValueExtension">
              <traitValues>
                <li>-20</li>
              </traitValues>
            </li>
          </value>
        </li>
        <li Class="PatchOperationAddModExtension">
          <xpath>*/TraitDef[defName = "Wimp"]</xpath>
          <value>
            <li Class="SyrTraitValue.TraitValueExtension">
              <traitValues>
                <li>-30</li>
              </traitValues>
            </li>
          </value>
        </li>
        <li Class="PatchOperationAddModExtension">
          <xpath>*/TraitDef[defName = "Nimble"]</xpath>
          <value>
            <li Class="SyrTraitValue.TraitValueExtension">
              <traitValues>
                <li>20</li>
              </traitValues>
            </li>
          </value>
        </li>
        <li Class="PatchOperationAddModExtension">
          <xpath>*/TraitDef[defName = "FastLearner"]</xpath>
          <value>
            <li Class="SyrTraitValue.TraitValueExtension">
              <traitValues>
                <li>30</li>
              </traitValues>
            </li>
          </value>
        </li>
        <li Class="PatchOperationAddModExtension">
          <xpath>*/TraitDef[defName = "SlowLearner"]</xpath>
          <value>
            <li Class="SyrTraitValue.TraitValueExtension">
              <traitValues>
                <li>-30</li>
              </traitValues>
            </li>
          </value>
        </li>
        <li Class="PatchOperationAddModExtension">
          <xpath>*/TraitDef[defName = "Undergrounder"]</xpath>
          <value>
            <li Class="SyrTraitValue.TraitValueExtension">
              <traitValues>
                <li>10</li>
              </traitValues>
            </li>
          </value>
        </li>
        <li Class="PatchOperationAddModExtension">
          <xpath>*/TraitDef[defName = "Transhumanist"]</xpath>
          <value>
            <li Class="SyrTraitValue.TraitValueExtension">
              <traitValues>
                <li>0</li>
              </traitValues>
            </li>
          </value>
        </li>
        <li Class="PatchOperationAddModExtension">
          <xpath>*/TraitDef[defName = "BodyPurist"]</xpath>
          <value>
            <li Class="SyrTraitValue.TraitValueExtension">
              <traitValues>
                <li>-10</li>
              </traitValues>
            </li>
          </value>
        </li>
        <li Class="PatchOperationAddModExtension">
          <xpath>*/TraitDef[defName = "DislikesMen"]</xpath>
          <value>
            <li Class="SyrTraitValue.TraitValueExtension">
              <traitValues>
                <li>-10</li>
              </traitValues>
            </li>
          </value>
        </li>
        <li Class="PatchOperationAddModExtension">
          <xpath>*/TraitDef[defName = "DislikesWomen"]</xpath>
          <value>
            <li Class="SyrTraitValue.TraitValueExtension">
              <traitValues>
                <li>-10</li>
              </traitValues>
            </li>
          </value>
        </li>
        <li Class="PatchOperationAddModExtension">
          <xpath>*/TraitDef[defName = "GreatMemory"]</xpath>
          <value>
            <li Class="SyrTraitValue.TraitValueExtension">
              <traitValues>
                <li>10</li>
              </traitValues>
            </li>
          </value>
        </li>
        <li Class="PatchOperationAddModExtension">
          <xpath>*/TraitDef[defName = "Tough"]</xpath>
          <value>
            <li Class="SyrTraitValue.TraitValueExtension">
              <traitValues>
                <li>30</li>
              </traitValues>
            </li>
          </value>
        </li>
        <li Class="PatchOperationAddModExtension">
          <xpath>*/TraitDef[defName = "TorturedArtist"]</xpath>
          <value>
            <li Class="SyrTraitValue.TraitValueExtension">
              <traitValues>
                <li>0</li>
              </traitValues>
            </li>
          </value>
        </li>
        <li Class="PatchOperationAddModExtension">
          <xpath>*/TraitDef[defName = "Gourmand"]</xpath>
          <value>
            <li Class="SyrTraitValue.TraitValueExtension">
              <traitValues>
                <li>0</li>
              </traitValues>
            </li>
          </value>
        </li>
        <li Class="PatchOperationAddModExtension">
          <xpath>*/TraitDef[defName = "QuickSleeper"]</xpath>
          <value>
            <li Class="SyrTraitValue.TraitValueExtension">
              <traitValues>
                <li>30</li>
              </traitValues>
            </li>
          </value>
        </li>
      </operations>
    </match>
  </Operation>



</Patch>